{
  "hash": "2946d1d3",
  "configHash": "6f4868b6",
  "lockfileHash": "c4d195ae",
  "browserHash": "05452118",
  "optimized": {
    "@angular/cdk/bidi": {
      "src": "../../../../../../node_modules/@angular/cdk/fesm2022/bidi.mjs",
      "file": "@angular_cdk_bidi.js",
      "fileHash": "4fd41aa1",
      "needsInterop": false
    },
    "@angular/cdk/scrolling": {
      "src": "../../../../../../node_modules/@angular/cdk/fesm2022/scrolling.mjs",
      "file": "@angular_cdk_scrolling.js",
      "fileHash": "7ee8b0c1",
      "needsInterop": false
    },
    "@angular/cdk/text-field": {
      "src": "../../../../../../node_modules/@angular/cdk/fesm2022/text-field.mjs",
      "file": "@angular_cdk_text-field.js",
      "fileHash": "dbe8fbb9",
      "needsInterop": false
    },
    "@angular/common": {
      "src": "../../../../../../node_modules/@angular/common/fesm2022/common.mjs",
      "file": "@angular_common.js",
      "fileHash": "fd00998b",
      "needsInterop": false
    },
    "@angular/common/http": {
      "src": "../../../../../../node_modules/@angular/common/fesm2022/http.mjs",
      "file": "@angular_common_http.js",
      "fileHash": "049c80c0",
      "needsInterop": false
    },
    "@angular/core": {
      "src": "../../../../../../node_modules/@angular/core/fesm2022/core.mjs",
      "file": "@angular_core.js",
      "fileHash": "69de9c77",
      "needsInterop": false
    },
    "@angular/forms": {
      "src": "../../../../../../node_modules/@angular/forms/fesm2022/forms.mjs",
      "file": "@angular_forms.js",
      "fileHash": "0d9e59c0",
      "needsInterop": false
    },
    "@angular/material/button": {
      "src": "../../../../../../node_modules/@angular/material/fesm2022/button.mjs",
      "file": "@angular_material_button.js",
      "fileHash": "f9166de2",
      "needsInterop": false
    },
    "@angular/material/card": {
      "src": "../../../../../../node_modules/@angular/material/fesm2022/card.mjs",
      "file": "@angular_material_card.js",
      "fileHash": "a5d65ad9",
      "needsInterop": false
    },
    "@angular/material/form-field": {
      "src": "../../../../../../node_modules/@angular/material/fesm2022/form-field.mjs",
      "file": "@angular_material_form-field.js",
      "fileHash": "c5f904c7",
      "needsInterop": false
    },
    "@angular/material/icon": {
      "src": "../../../../../../node_modules/@angular/material/fesm2022/icon.mjs",
      "file": "@angular_material_icon.js",
      "fileHash": "e9a600fb",
      "needsInterop": false
    },
    "@angular/material/input": {
      "src": "../../../../../../node_modules/@angular/material/fesm2022/input.mjs",
      "file": "@angular_material_input.js",
      "fileHash": "218ad02f",
      "needsInterop": false
    },
    "@angular/material/select": {
      "src": "../../../../../../node_modules/@angular/material/fesm2022/select.mjs",
      "file": "@angular_material_select.js",
      "fileHash": "d96494e2",
      "needsInterop": false
    },
    "@angular/platform-browser": {
      "src": "../../../../../../node_modules/@angular/platform-browser/fesm2022/platform-browser.mjs",
      "file": "@angular_platform-browser.js",
      "fileHash": "a14dcab5",
      "needsInterop": false
    },
    "@angular/router": {
      "src": "../../../../../../node_modules/@angular/router/fesm2022/router.mjs",
      "file": "@angular_router.js",
      "fileHash": "7cd60aaa",
      "needsInterop": false
    },
    "ngx-pagination": {
      "src": "../../../../../../node_modules/ngx-pagination/fesm2020/ngx-pagination.mjs",
      "file": "ngx-pagination.js",
      "fileHash": "c7dc1e04",
      "needsInterop": false
    },
    "ngx-slick-carousel": {
      "src": "../../../../../../node_modules/ngx-slick-carousel/fesm2022/ngx-slick-carousel.mjs",
      "file": "ngx-slick-carousel.js",
      "fileHash": "13cc083e",
      "needsInterop": false
    },
    "rxjs": {
      "src": "../../../../../../node_modules/rxjs/dist/esm5/index.js",
      "file": "rxjs.js",
      "fileHash": "b64d7e25",
      "needsInterop": false
    }
  },
  "chunks": {
    "chunk-P5ZVFF3Q": {
      "file": "chunk-P5ZVFF3Q.js"
    },
    "chunk-6LTN2HGI": {
      "file": "chunk-6LTN2HGI.js"
    },
    "chunk-TJBJEVKX": {
      "file": "chunk-TJBJEVKX.js"
    },
    "chunk-MXTHBTPH": {
      "file": "chunk-MXTHBTPH.js"
    },
    "chunk-WXBKIFNB": {
      "file": "chunk-WXBKIFNB.js"
    },
    "chunk-6PXLQXBS": {
      "file": "chunk-6PXLQXBS.js"
    },
    "chunk-EEDYT4TR": {
      "file": "chunk-EEDYT4TR.js"
    },
    "chunk-IJ3KGSPX": {
      "file": "chunk-IJ3KGSPX.js"
    },
    "chunk-6V25XI5Q": {
      "file": "chunk-6V25XI5Q.js"
    },
    "chunk-4F6EIFIE": {
      "file": "chunk-4F6EIFIE.js"
    },
    "chunk-QKRRCXRY": {
      "file": "chunk-QKRRCXRY.js"
    },
    "chunk-IEBG32JL": {
      "file": "chunk-IEBG32JL.js"
    },
    "chunk-BAADMDQM": {
      "file": "chunk-BAADMDQM.js"
    },
    "chunk-BMUSQEZ7": {
      "file": "chunk-BMUSQEZ7.js"
    },
    "chunk-GAMBKT2F": {
      "file": "chunk-GAMBKT2F.js"
    },
    "chunk-XZ75XUJI": {
      "file": "chunk-XZ75XUJI.js"
    },
    "chunk-YCA54VN2": {
      "file": "chunk-YCA54VN2.js"
    },
    "chunk-S35MAB2V": {
      "file": "chunk-S35MAB2V.js"
    }
  }
}